Neuronas,Inicialización,Normalización,Learning rate,Batch size,Pesado_termino,Representacion_terminos,ProcesamientosTXT,Epocas_ejecutadas,Error final,Tiempo (s),Accuracy(macro),F1-score(macro),Presicion(macro),Recall(macro)
128,Xavier,none,0.01,16,TF,"(1, 2)",only_normalizar_texto,100,0.007936735561177,542.5987787246704,0.81,0.8067338012409724,0.8084686983690763,0.8055447533864799
64,Xavier,none,0.01,16,TF,"(1, 2)",normalizar_txt_sin_StopWords,100,0.0117306241296765,217.02386856079104,0.788,0.7853068896234363,0.7853068896234363,0.7853068896234363
128,Xavier,none,0.01,64,TF-IDF,"(1, 2)",normalizar_txt_sin_StopWords,100,0.0508070735759007,154.69054079055786,0.784,0.7801696764423312,0.7820034067085954,0.7789876207142394
128,Normal,none,0.1,64,TF-IDF,"(1, 2)",only_normalizar_texto,100,0.0142792022101206,141.4954960346222,0.776,0.7717788210745957,0.774055829228243,0.7704323028064035
64,Xavier,none,0.01,16,TF,"(2, 2)",only_normalizar_texto,100,0.0147294729616061,341.3871839046478,0.774,0.7675958718445484,0.774989491382934,0.7650042128459394
256,Xavier,none,0.01,16,TF,"(2, 2)",only_normalizar_texto,100,0.014917716975728,657.2574121952057,0.77,0.7641112738401454,0.7698041703534283,0.7618607816449543
256,Xavier,none,0.01,32,TF-IDF,"(1, 2)",normalizar_txt_sin_StopWords,100,0.0516464407190773,382.5434007644653,0.764,0.7574771041944129,0.7642320085929108,0.7551040248881975
64,Xavier,none,0.1,32,TF-IDF,"(1, 1)",only_normalizar_texto,100,0.0019511720847576,161.99779844284058,0.76,0.7573757763975155,0.7569924423486856,0.7578585780024629
64,Xavier,none,0.01,32,TF-IDF,"(1, 1)",normalizar_txt_sin_StopWords_mas_stemming,100,0.057508138978112,165.33941340446472,0.762,0.7568162961691414,0.7603555188094253,0.7551202281418109
64,Normal,none,0.5,64,TF,"(1, 2)",normalizar_txt_sin_StopWords,100,0.0213382696265135,101.98448967933656,0.756,0.7539171547982121,0.7532810087493567,0.7551688379026509
64,Normal,none,0.1,16,TF-IDF,"(1, 1)",normalizar_txt_sin_StopWords,100,0.0158398345150218,178.43500781059265,0.752,0.748127203886966,0.7489893062076161,0.7474884956899346
1024,Normal,none,0.1,32,TF-IDF,"(1, 2)",normalizar_txt_sin_StopWords_mas_stemming,100,0.0333483176447558,1355.3754477500916,0.74,0.7353894253472505,0.7369627882599581,0.7344286732775942
128,Normal,none,0.1,16,TF,"(1, 1)",normalizar_txt_sin_StopWords,100,0.0227232789245835,549.6507940292358,0.736,0.7331133540372672,0.7327692009560105,0.7335536975824746
128,Normal,none,0.1,32,TF,"(1, 1)",normalizar_txt_sin_StopWords,100,0.0234345004073657,310.24330615997314,0.736,0.7323991631392011,0.7326298701298701,0.7321926242789552
128,Normal,none,0.1,16,TF,"(1, 2)",only_normalizar_texto,100,0.0222727864768553,570.7317340373993,0.736,0.7321428571428571,0.732643633287787,0.7317389331777822
128,Normal,none,0.5,32,TF,"(1, 1)",normalizar_txt_sin_StopWords,100,0.0252315494631548,319.4387438297272,0.736,0.7318773460732219,0.73268779342723,0.7312852420766089
1024,Normal,none,0.1,32,TF,"(1, 1)",normalizar_txt_sin_StopWords,100,0.0523135825642589,1621.3084163665771,0.736,0.7318773460732219,0.73268779342723,0.7312852420766089
512,Normal,none,0.1,16,TF,"(1, 1)",only_normalizar_texto,100,0.0387039456522045,1507.477831363678,0.734,0.7285259982282749,0.7312080592240853,0.721 72182254196642
1024,Normal,none,0.1,16,TF,"(1, 2)",normalizar_txt_sin_StopWords,100,0.0524431978717976,2705.6088972091675,0.734,0.7282064486596287,0.731417941298057,0.7267645343184912
128,Normal,none,0.5,16,TF,"(1, 1)",normalizar_txt_sin_StopWords,100,0.0254756068361245,534.1546289920807,0.73,0.7271613870710876,0.7267673589259492,0.727704323028064
256,Normal,none,0.01,32,TF,"(1, 1)",normalizar_txt_sin_StopWords_mas_stemming,100,0.0726504111143901,495.2681913375855,0.728,0.7197078366391321,0.7272389069264069,0.7177393220558688
64,Normal,none,0.1,64,TF,"(1, 1)",only_normalizar_texto,100,0.0166121667364364,101.43332648277284,0.72,0.7166955367405416,0.7165178571428572,0.7168967528679759
256,Normal,none,0.01,16,TF,"(1, 1)",only_normalizar_texto,100,0.0671493364750482,711.4368450641632,0.722,0.7115883390393194,0.7230094292461775,0.7096214919955928
128,Normal,none,0.5,16,TF-IDF,"(2, 2)",only_normalizar_texto,100,0.0116617355674288,473.9182779788971,0.712,0.7106621015576023,0.7107774077868853,0.7133320370730443
64,Normal,none,0.01,16,TF,"(1, 1)",only_normalizar_texto,100,0.0728086135674926,193.0044958591461,0.716,0.7092832809224319,0.7131038607216427,0.7078553373517402
256,Normal,none,0.1,16,TF,"(1, 1)",normalizar_txt_sin_StopWords,100,0.0314609163027356,666.6744811534882,0.712,0.7075025593526056,0.708235524256651,0.7069803616566206
256,Normal,none,0.01,64,TF-IDF,"(1, 2)",normalizar_txt_sin_StopWords_mas_stemming,100,0.0767798602504768,223.75161695480347,0.706,0.7018485390578414,0.7021644810607908,0.7015846782033832
256,Normal,none,0.01,64,TF,"(1, 2)",normalizar_txt_sin_StopWords_mas_stemming,100,0.0758528909799572,242.06742668151853,0.708,0.7003284072249589,0.705231119138404,0.6988463283427313
64,Normal,none,0.01,16,TF-IDF,"(1, 1)",only_normalizar_texto,100,0.0929479453198322,180.76742267608645,0.704,0.692174578611957,0.7043402777777779,0.6907122950288418
128,Normal,none,0.1,16,TF-IDF,"(2, 2)",only_normalizar_texto,100,0.0161591338634574,462.78199887275696,0.694,0.689970861313632,0.6900614671013152,0.6898859290945623
64,Xavier,none,0.01,16,TF,"(2, 2)",normalizar_txt_sin_StopWords,100,0.0291711265592109,208.83930253982544,0.718,0.6888667246271918,0.7533333333333333,0.692413636658241
64,Xavier,none,0.1,32,TF,"(2, 2)",normalizar_txt_sin_StopWords_mas_stemming,65,0.0100980534846771,95.74313592910768,0.7,0.6782496782496783,0.7125307125307125,0.6794024240067406
64,Xavier,none,0.01,32,TF,"(2, 2)",normalizar_txt_sin_StopWords_mas_stemming,100,0.028789047917185,150.34411525726318,0.704,0.6755751964085297,0.7301455301455302,0.6793700174995139
64,Normal,none,0.01,64,TF-IDF,"(1, 2)",only_normalizar_texto,100,0.0895539336455257,73.34366917610168,0.688,0.6682488643903435,0.6944320214669052,0.6690647482014389
256,Normal,none,0.01,32,TF,"(1, 2)",normalizar_txt_sin_StopWords,100,0.0909762696597443,408.9020967483521,0.676,0.6625,0.6743317747225905,0.661902910104349
1024,Normal,none,0.01,32,TF,"(1, 2)",normalizar_txt_sin_StopWords_mas_stemming,100,0.0907922828498235,1618.315834760666,0.672,0.6610169491525424,0.668473813420622,0.6601205522068831
128,Xavier,none,0.01,16,TF-IDF,"(2, 2)",normalizar_txt_sin_StopWords,100,0.0755148261766068,487.24381375312805,0.698,0.6590483157889984,0.7440460827330533,0.6685300408321991
512,Normal,none,0.01,16,TF,"(1, 1)",normalizar_txt_sin_StopWords,100,0.0919257314375543,1641.4825677871704,0.662,0.6498875082348944,0.6581295581295581,0.649312982046795
256,Normal,none,0.01,64,TF,"(2, 2)",only_normalizar_texto,100,0.0795077931609517,223.0112636089325,0.662,0.6487815421191981,0.6586276173816658,0.6484055998444487
512,Normal,none,0.1,32,TF-IDF,"(2, 2)",normalizar_txt_sin_StopWords,100,0.0368032540912211,838.1849963665009,0.648,0.6447257929074348,0.681827797757563,0.6671203577678397
256,Normal,none,0.1,32,TF-IDF,"(2, 2)",normalizar_txt_sin_StopWords,100,0.0304265603914117,356.670476436615,0.646,0.6422782630487593,0.6818553475888303,0.6657754877179337
64,Normal,none,0.1,32,TF-IDF,"(2, 2)",normalizar_txt_sin_StopWords,100,0.0216354750474267,102.83199334144592,0.644,0.6419317980656271,0.6706796917996698,0.6608010888586429
256,Normal,none,0.5,16,TF,"(2, 2)",normalizar_txt_sin_StopWords_mas_stemming,56,0.0389794549656895,482.6048958301544,0.682,0.6376068376068376,0.7278496490670319,0.6509657139153542
256,Normal,none,0.01,32,TF-IDF,"(2, 2)",only_normalizar_texto,100,0.0850093625711494,338.96862053871155,0.656,0.636431277056277,0.6555628606910658,0.638019314278307
128,Normal,none,0.01,64,TF,"(2, 2)",normalizar_txt_sin_StopWords_mas_stemming,100,0.0920321443511647,208.0518138408661,0.634,0.633998535994144,0.641700798109145,0.6418270788774385
64,Normal,none,0.01,16,TF,"(2, 2)",only_normalizar_texto,100,0.0932227290294494,285.390673160553,0.656,0.631059631059631,0.6597435503685504,0.6348434765700952
1024,Normal,none,0.01,64,TF-IDF,"(2, 2)",normalizar_txt_sin_StopWords,100,0.1025847443534895,885.8360810279846,0.672,0.6243976621044725,0.71625,0.640158143755266
1024,Normal,none,0.1,64,TF-IDF,"(2, 2)",only_normalizar_texto,100,0.0313323834064884,894.7714142799377,0.678,0.6188284538640378,0.758080674150682,0.6419242983991186
128,Normal,none,0.01,64,TF-IDF,"(2, 2)",normalizar_txt_sin_StopWords,100,0.1021359568811505,130.0791721343994,0.642,0.6138496386581814,0.6445025562672622,0.6195314019055026
256,Normal,none,0.1,16,TF,"(2, 2)",normalizar_txt_sin_StopWords,100,0.0450076944830145,812.1656465530396,0.612,0.6083909308184225,0.6421620478104506,0.6306630371378572
1024,Normal,none,0.01,32,TF,"(2, 2)",normalizar_txt_sin_StopWords,100,0.115312999282143,1486.697194814682,0.646,0.591244786639016,0.6807667316439245,0.6126936288806792
512,Xavier,none,0.01,64,TF,"(1, 1)",normalizar_txt_sin_StopWords_mas_stemming,13,0.172809896370779,69.40389966964722,0.472,0.3738021594337653,0.6237745098039216,0.5229114006092423
64,Normal,none,0.5,64,TF,"(1, 1)",normalizar_txt_sin_StopWords,18,0.2063097428672189,18.61123275756836,0.556,0.3573264781491002,0.278,0.5
64,Xavier,none,0.5,16,TF,"(1, 1)",normalizar_txt_sin_StopWords,11,0.2063017648690897,23.91730618476868,0.556,0.3573264781491002,0.278,0.5
64,Xavier,none,0.5,32,TF-IDF,"(1, 2)",normalizar_txt_sin_StopWords_mas_stemming,11,0.2063136043173452,10.528210639953612,0.556,0.3573264781491002,0.278,0.5
64,Xavier,none,0.5,64,TF-IDF,"(2, 2)",only_normalizar_texto,11,0.2063439665690739,8.706738710403442,0.556,0.3573264781491002,0.278,0.5
64,Xavier,none,0.5,64,TF,"(1, 2)",only_normalizar_texto,11,0.206343966568522,11.500507116317747,0.556,0.3573264781491002,0.278,0.5
128,Normal,none,0.5,64,TF-IDF,"(2, 2)",normalizar_txt_sin_StopWords,29,0.2063247539825867,46.51019215583801,0.556,0.3573264781491002,0.278,0.5
128,Normal,none,0.5,64,TF,"(1, 2)",normalizar_txt_sin_StopWords,11,0.2063182496600888,22.83225154876709,0.556,0.3573264781491002,0.278,0.5
128,Normal,none,0.5,32,TF,"(2, 2)",normalizar_txt_sin_StopWords_mas_stemming,11,0.2063379640603579,33.25990271568298,0.556,0.3573264781491002,0.278,0.5
128,Normal,none,0.5,64,TF,"(2, 2)",normalizar_txt_sin_StopWords,29,0.2063247506791717,63.03803777694702,0.556,0.3573264781491002,0.278,0.5
128,Xavier,none,0.1,64,TF-IDF,"(1, 2)",only_normalizar_texto,11,0.2063332209471033,19.30048966407776,0.556,0.3573264781491002,0.278,0.5
128,Xavier,none,0.5,16,TF-IDF,"(1, 1)",normalizar_txt_sin_StopWords,11,0.2063017131066078,30.990189790725708,0.556,0.3573264781491002,0.278,0.5
256,Xavier,none,0.01,64,TF-IDF,"(1, 1)",normalizar_txt_sin_StopWords,29,0.1288883570027403,65.02605485916138,0.556,0.3573264781491002,0.278,0.5
256,Xavier,none,0.1,32,TF,"(1, 1)",only_normalizar_texto,15,0.2062778400900188,61.96522283554077,0.556,0.3573264781491002,0.278,0.5
512,Xavier,none,0.5,16,TF-IDF,"(2, 2)",normalizar_txt_sin_StopWords_mas_stemming,11,0.2062869385342789,141.45283818244934,0.556,0.3573264781491002,0.278,0.5
512,Normal,none,0.5,32,TF-IDF,"(1, 1)",only_normalizar_texto,33,0.2063064802102091,253.1639375686645,0.556,0.3573264781491002,0.278,0.5
512,Normal,none,0.5,16,TF,"(2, 2)",only_normalizar_texto,21,0.2063164701644454,337.23370480537415,0.556,0.3573264781491002,0.278,0.5
512,Xavier,none,0.1,16,TF,"(1, 2)",normalizar_txt_sin_StopWords_mas_stemming,16,0.2062934417514189,262.2160460948944,0.556,0.3573264781491002,0.278,0.5
512,Xavier,none,0.5,64,TF-IDF,"(1, 1)",normalizar_txt_sin_StopWords,11,0.2063369802146207,37.24356389045715,0.556,0.3573264781491002,0.278,0.5
512,Normal,none,0.5,32,TF-IDF,"(2, 2)",normalizar_txt_sin_StopWords_mas_stemming,51,0.206295756119881,362.4262888431549,0.556,0.3573264781491002,0.278,0.5
512,Normal,none,0.5,64,TF,"(1, 2)",only_normalizar_texto,20,0.2063352336221,105.86212873458862,0.556,0.3573264781491002,0.278,0.5
512,Normal,none,0.5,16,TF,"(1, 1)",normalizar_txt_sin_StopWords,43,0.2052300666114144,672.4179713726044,0.556,0.3573264781491002,0.278,0.5
512,Xavier,none,0.5,32,TF,"(1, 2)",normalizar_txt_sin_StopWords_mas_stemming,11,0.2062957561198811,100.77397465705872,0.556,0.3573264781491002,0.278,0.5
512,Xavier,none,0.1,32,TF-IDF,"(1, 1)",normalizar_txt_sin_StopWords_mas_stemming,11,0.2062957560801066,90.17226767539978,0.556,0.3573264781491002,0.278,0.5
512,Xavier,none,0.1,32,TF,"(1, 1)",normalizar_txt_sin_StopWords,11,0.206295756079994,97.15968704223631,0.556,0.3573264781491002,0.278,0.5
512,Xavier,none,0.1,64,TF-IDF,"(1, 2)",only_normalizar_texto,11,0.2063369802146207,55.58668684959412,0.556,0.3573264781491002,0.278,0.5
1024,Xavier,none,0.5,32,TF-IDF,"(1, 2)",only_normalizar_texto,14,0.2063458018760009,180.64393544197085,0.556,0.3573264781491002,0.278,0.5
1024,Normal,none,0.1,64,TF-IDF,"(1, 1)",normalizar_txt_sin_StopWords,18,0.206363856521075,145.5280258655548,0.556,0.3573264781491002,0.278,0.5
1024,Xavier,none,0.1,64,TF,"(1, 1)",normalizar_txt_sin_StopWords,11,0.2063561927118262,94.28499841690063,0.556,0.3573264781491002,0.278,0.5
1024,Xavier,none,0.5,64,TF-IDF,"(2, 2)",only_normalizar_texto,11,0.2063561927118262,89.27164769172668,0.556,0.3573264781491002,0.278,0.5
1024,Xavier,none,0.01,64,TF-IDF,"(1, 2)",normalizar_txt_sin_StopWords_mas_stemming,16,0.2063440026157693,130.51447176933289,0.556,0.3573264781491002,0.278,0.5
1024,Xavier,none,0.01,64,TF,"(2, 2)",only_normalizar_texto,16,0.2063264168327502,134.8957161903381,0.556,0.3573264781491002,0.278,0.5
1024,Xavier,none,0.01,16,TF-IDF,"(1, 2)",normalizar_txt_sin_StopWords,11,0.1449480361630948,261.68519496917725,0.556,0.3573264781491002,0.278,0.5
1024,Xavier,none,0.1,32,TF,"(1, 1)",normalizar_txt_sin_StopWords,14,0.2063458018760009,223.4423136711121,0.556,0.3573264781491002,0.278,0.5
1024,Xavier,none,0.1,64,TF,"(2, 2)",only_normalizar_texto,11,0.2063561927118262,101.20702052116394,0.556,0.3573264781491002,0.278,0.5
1024,Xavier,none,0.5,64,TF,"(1, 2)",normalizar_txt_sin_StopWords,11,0.2063561927118262,101.5461757183075,0.556,0.3573264781491002,0.278,0.5
1024,Normal,none,0.5,16,TF,"(1, 1)",only_normalizar_texto,23,0.2063238743079885,700.1426873207092,0.556,0.3573264781491002,0.278,0.5
1024,Xavier,none,0.1,16,TF,"(1, 2)",normalizar_txt_sin_StopWords,12,0.2064199172576832,365.9485275745392,0.556,0.3573264781491002,0.278,0.5
1024,Normal,none,0.5,64,TF,"(2, 2)",only_normalizar_texto,14,0.206211219574,130.03148889541626,0.556,0.3573264781491002,0.278,0.5
128,Xavier,none,0.5,64,TF-IDF,"(2, 2)",normalizar_txt_sin_StopWords,11,0.2936665129666893,17.941863775253296,0.444,0.3074792243767313,0.222,0.5
256,Xavier,none,0.5,64,TF-IDF,"(1, 1)",normalizar_txt_sin_StopWords,11,0.2936734993293093,23.813406705856323,0.444,0.3074792243767313,0.222,0.5
256,Xavier,none,0.5,32,TF,"(1, 1)",only_normalizar_texto,11,0.2936827956989224,45.38660740852356,0.444,0.3074792243767313,0.222,0.5
256,Xavier,none,0.5,16,TF-IDF,"(1, 1)",normalizar_txt_sin_StopWords_mas_stemming,11,0.2936761229301191,73.77337646484375,0.444,0.3074792243767313,0.222,0.5
256,Xavier,none,0.5,16,TF,"(1, 2)",normalizar_txt_sin_StopWords_mas_stemming,11,0.2936761229300474,69.54085898399353,0.444,0.3074792243767313,0.222,0.5
256,Xavier,none,0.5,32,TF-IDF,"(2, 2)",only_normalizar_texto,11,0.2936827956989224,42.398386001586914,0.444,0.3074792243767313,0.222,0.5
512,Normal,none,0.1,64,TF-IDF,"(1, 2)",normalizar_txt_sin_StopWords_mas_stemming,17,0.2936419626149331,87.41581320762634,0.444,0.3074792243767313,0.222,0.5
512,Normal,none,0.5,16,TF-IDF,"(1, 1)",only_normalizar_texto,12,0.2936533229271288,162.7295217514038,0.444,0.3074792243767313,0.222,0.5
512,Normal,none,0.1,64,TF-IDF,"(1, 1)",normalizar_txt_sin_StopWords,17,0.2936396800873145,63.683775901794434,0.444,0.3074792243767313,0.222,0.5
512,Normal,none,0.01,32,TF-IDF,"(1, 1)",only_normalizar_texto,25,0.2936611692505233,215.47569060325625,0.444,0.3074792243767313,0.222,0.5
